"scenario","n","parameter","true_value","mean_estimate","bias","mcse_bias","mse","mcse_mse","median_estimate","median_bias","bias_interior","mse_interior","replications","convergence_rate","boundary_rate","failed_fits","mean_seconds"
"S1",100,"alpha",0.5,431.261147914236,430.761147914236,64.1685146038541,4299035.83475096,641664.432642568,0.624314536791976,0.124314536791976,0.846782765253994,21.0144595609005,1000,1,0.043,0,0.524531
"S1",500,"alpha",0.5,0.636601820302346,0.136601820302346,0.0137170519089125,0.206629412868642,0.0328021530691184,0.535245397420991,0.0352453974209905,0.136601820302346,0.206629412868642,1000,1,0,0,1.067543
"S1",1000,"alpha",0.5,0.557130704367579,0.0571307043675791,0.00726761193104649,0.0560292823786447,0.00446607647898606,0.527081347237633,0.0270813472376334,0.0571307043675791,0.0560292823786447,1000,1,0,0,1.745918
"S1",100,"beta",1,0.987941316085613,-0.0120586839143874,0.00315992087985013,0.010120526724693,0.000442977568788838,0.987370948795869,-0.0126290512041309,-0.00459205156948754,0.00896600688922589,1000,1,0.043,0,0.524531
"S1",500,"beta",1,0.996063382759223,-0.00393661724077713,0.00139031034845683,0.00194652685746151,9.32080117086006e-05,0.995122978842388,-0.00487702115761202,-0.00393661724077713,0.00194652685746151,1000,1,0,0,1.067543
"S1",1000,"beta",1,0.998339999357043,-0.00166000064295731,0.00103175467885132,0.00106620880174888,4.71837366343975e-05,0.997981481549484,-0.00201851845051593,-0.00166000064295731,0.00106620880174888,1000,1,0,0,1.745918
"S1",100,"lambda",0.8,1.06991892994925,0.26991892994925,0.0192620305120083,0.443511022371043,0.0253872408109875,0.931404368808173,0.131404368808173,0.207500117823051,0.334907575922884,1000,1,0.043,0,0.524531
"S1",500,"lambda",0.8,0.869374113422579,0.0693741134225792,0.0094441767012764,0.093916048704536,0.00490543485700249,0.840254773678792,0.0402547736787919,0.0693741134225792,0.093916048704536,1000,1,0,0,1.067543
"S1",1000,"lambda",0.8,0.832069568044936,0.0320695680449363,0.00691189076788248,0.0487549169477407,0.00223241098338118,0.825180247444045,0.025180247444045,0.0320695680449363,0.0487549169477407,1000,1,0,0,1.745918
"S2",100,"alpha",1,1004.11914781786,1003.11914781786,94.8738721319749,9998298.58641984,948916.362666745,1.2248135439682,0.2248135439682,3.60253256828924,845.607741476863,1000,1,0.1,0,0.577801999999999
"S2",500,"alpha",1,61.2111228939574,60.2111228939574,24.345430845268,595732.682358836,242624.994832884,1.08721940607671,0.08721940607671,10.2703834683795,96372.70488699,1000,1,0.005,0,1.080095
"S2",1000,"alpha",1,1.14433326104425,0.144333261044252,0.0167648307482005,0.30161058070946,0.0294513199452112,1.02458772904947,0.0245877290494749,0.144333261044252,0.30161058070946,1000,1,0,0,1.68973699999999
"S2",100,"beta",2,1.98968021346099,-0.010319786539006,0.00681974761843911,0.0465689466158374,0.00197511999874598,1.9884703587209,-0.0115296412790999,0.0195528576536765,0.0413994990756054,1000,1,0.1,0,0.577801999999999
"S2",500,"beta",2,1.98640501717686,-0.0135949828231426,0.00363934069600523,0.0134163794588598,0.000587409849250492,1.98740795955317,-0.0125920404468349,-0.0120184492966387,0.0129308663023302,1000,1,0.005,0,1.080095
"S2",1000,"beta",2,1.99686910520306,-0.00313089479694438,0.00244031758223221,0.00595899725447905,0.000251506418842081,2.00050350430707,0.000503504307070024,-0.00313089479694438,0.00595899725447905,1000,1,0,0,1.68973699999999
"S2",100,"lambda",0.5,0.603756233381204,0.103756233381204,0.00953036594570169,0.101502403149386,0.00446984623794628,0.554296619768983,0.0542966197689835,0.0459460507392439,0.0681186842378513,1000,1,0.1,0,0.577801999999999
"S2",500,"lambda",0.5,0.535519518204233,0.0355195182042334,0.00530264098364156,0.0293515195734546,0.00154018329531096,0.516504591183881,0.016504591183881,0.0327409489686833,0.0277432606337676,1000,1,0.005,0,1.080095
"S2",1000,"lambda",0.5,0.514322630638375,0.0143226306383748,0.0035722138048442,0.0129530885044553,0.000593579997585524,0.504226615084732,0.00422661508473199,0.0143226306383748,0.0129530885044553,1000,1,0,0,1.68973699999999
"S3",100,"alpha",1.5,1394.86913500288,1393.36913500288,109.393918549656,13896539.9326119,1094136.16083522,1.65774641820417,0.157746418204165,4.1889905095823,1499.66168980227,1000,1,0.139,0,0.554902999999999
"S3",500,"alpha",1.5,152.982792878542,151.482792878542,38.4476515278688,1499690.72263871,384428.157166465,1.54225657500991,0.0422565750099051,1.53425151751425,263.513956625323,1000,1,0.015,0,1.013631
"S3",1000,"alpha",1.5,21.8817295848954,20.3817295848954,14.1313115872235,199909.688108895,141284.063057931,1.46054876170514,-0.0394512382948582,0.387208566003572,3.77455858835093,1000,1,0.002,0,1.264339
"S3",100,"beta",3,3.02378938204347,0.023789382043473,0.0110594913203264,0.122755970614121,0.00517820878621734,3.01415099422548,0.0141509942254801,0.08578043879187,0.115259571670196,1000,1,0.139,0,0.554902999999999
"S3",500,"beta",3,2.99464806027516,-0.00535193972483663,0.00561413895944692,0.0315156809585421,0.00142565210918275,2.99519718094867,-0.00480281905133495,0.000538157398255949,0.0294686526810872,1000,1,0.015,0,1.013631
"S3",1000,"beta",3,2.99868869035637,-0.00131130964362781,0.00411380037304639,0.0169081496887488,0.000791055632248043,3.00760380964578,0.00760380964578022,-0.000453256892262549,0.0165723568077717,1000,1,0.002,0,1.264339
"S3",100,"lambda",0.3,0.33406145628012,0.0340614562801204,0.00536780841881213,0.0299447366577718,0.00129937513608943,0.308574563438498,0.00857456343849849,-0.00809372621621667,0.0193597858983926,1000,1,0.139,0,0.554902999999999
"S3",500,"lambda",0.3,0.314746011984867,0.014746011984867,0.00303798312556848,0.00943755699922542,0.000484291288539041,0.307364155316587,0.00736415531658652,0.0105601003841514,0.00828999279049882,1000,1,0.015,0,1.013631
"S3",1000,"lambda",0.3,0.306021239139638,0.00602123913963843,0.0022438124707167,0.00506591503011676,0.000306421449619767,0.29654435384907,-0.00345564615093036,0.00541205181055135,0.00488334713481723,1000,1,0.002,0,1.264339
