"lower","upper","midpoint","at_risk","events","exposure","hazard","hazard_nme","hazard_weibull"
0,182.5,91.25,299,13,54161,0.000240025110319233,0.000275795856933204,0.000383501478496421
182.5,365,273.75,286,43,48998,0.000877586840279195,0.000850813333385185,0.000824501323426549
365,547.5,456.25,243,61,39191,0.00155647980403664,0.00134374095233299,0.00117695500736061
547.5,730,638.75,182,48,27830,0.00172475745598275,0.0017095753190025,0.00148789242136904
730,912.5,821.25,134,40,20584,0.00194325689856199,0.00195500953407526,0.00177262010826505
912.5,1095,1003.75,94,19,15442,0.0012304105685792,0.00211234431979358,0.00203861748391229
1095,1277.5,1186.25,75,21,11497,0.00182656345133513,0.00221823617151608,0.00229025538788136
1277.5,1460,1368.75,54,18,8040,0.00223880597014925,0.00230315720719271,0.00253037084755693
1460,1642.5,1551.25,36,11,5433.5,0.00202447777675531,0.0023887279895629,0.0027609385869802
1642.5,1825,1733.75,25,11,3713.5,0.00296216507338091,0.00248852833264843,0.00298340372542223
1825,2007.5,1916.25,14,5,2366.5,0.0021128248468202,0.00260980929888165,0.00319886451375587
