"time","status"
1814,1
2018,1
712,1
1807,1
772,1
448,1
2172,0
2161,0
471,1
2014,0
577,1
184,1
1840,0
1842,0
1821,0
1371,1
707,1
1743,0
1781,0
865,1
1684,1
1701,0
1701,0
1693,0
379,1
1105,1
548,1
1296,1
1483,0
1570,0
1469,0
1472,0
1342,0
1349,0
1162,1
1342,0
797,1
1232,0
1230,0
1205,0
1090,0
1095,0
449,1
972,0
825,0
2438,0
2233,0
286,1
1861,0
1080,1
1521,1
1693,0
1528,1
169,1
272,1
731,1
2059,0
1853,0
1854,0
1645,0
544,1
1666,0
353,1
1791,0
1685,0
191,1
370,1
173,1
242,1
420,1
438,1
1624,0
1036,1
359,1
171,1
959,1
1351,0
486,1
525,1
762,1
175,1
1195,0
338,1
1125,0
916,0
972,0
867,0
249,1
281,1
758,0
377,1
1976,0
2539,0
2467,0
876,1
2132,0
426,1
554,1
1246,1
1926,0
1207,1
1852,0
1174,1
1250,0
530,1
1502,0
1364,0
1170,1
1729,0
1642,0
1218,1
1358,0
360,1
550,1
857,0
768,0
858,0
770,0
679,1
1164,1
350,1
578,1
1460,1
1434,0
1763,1
889,1
357,1
547,1
1722,0
2372,0
2030,1
1002,1
1280,1
338,1
533,1
168,0
1169,0
1675,1
1862,0
629,0
1167,0
495,1
967,0
1720,0
598,1
392,1
1502,0
229,0
310,0
1296,0
488,0
942,0
570,0
1177,0
1113,0
288,1
723,0
403,1
1225,1
338,1
1337,1
1420,1
2048,0
600,1
1765,0
491,1
305,1
1582,0
1771,0
960,1
571,1
675,0
285,1
1472,0
1279,1
148,0
1863,0
1933,0
358,1
734,0
2372,1
2563,0
2372,0
1989,1
2015,1
1956,0
945,1
2153,0
838,1
113,1
1833,0
1722,0
241,1
1352,1
1702,0
1222,0
1089,0
1243,0
579,1
1043,1
2234,0
2297,0
2014,0
518,1
940,0
766,0
251,1
1959,0
1897,0
160,1
970,0
892,0
753,0
348,1
275,1
1329,1
1193,1
698,1
436,1
552,1
564,1
2239,0
2237,0
529,1
1820,0
1756,0
515,1
272,1
891,1
1356,0
1352,0
1077,0
675,1
855,0
740,0
2551,0
754,1
819,1
1280,1
2388,0
2296,0
1884,0
1059,1
859,0
1109,0
1192,1
1806,1
500,1
1589,1
1463,1
1826,0
1231,0
1117,0
836,1
1222,0
663,0
722,1
322,0
1150,1
446,1
1855,0
238,1
1838,0
1826,0
1093,1
2051,0
370,1
861,1
1587,1
552,1
2353,0
2471,0
893,1
2093,1
2612,0
956,1
1637,0
2456,0
2227,0
1601,1
1841,0
2177,0
2052,0
973,0
2156,0
1499,0
2030,0
573,1
1666,0
1979,0
1786,0
1847,0
2009,0
1926,0
1490,0
233,1
1240,0
1751,0
1878,0
1171,0
1751,0
1756,0
714,1
1505,0
776,1
1443,0
1317,0
870,0
859,1
223,1
1212,0
1119,0
740,0
1062,0
8,0
936,0
740,0
632,1
1760,0
1013,0
779,0
375,1
1323,0
1233,0
986,0
650,0
628,0
1866,0
491,1
1918,1
72,1
1140,1
799,1
1105,1
548,1
227,1
1838,0
1833,0
550,1
426,1
1834,0
1604,0
772,0
1146,1
371,1
883,1
1735,0
554,1
790,1
1340,0
490,1
1557,0
594,1
828,0
594,1
841,0
695,0
2556,0
1753,1
417,1
956,1
1846,0
1703,0
1720,0
1355,0
1603,0
476,1
1350,0
1341,0
2449,0
2286,1
456,1
536,1
612,1
2034,1
1990,1
2456,1
2205,0
544,1
336,1
2057,0
575,1
2011,0
537,1
2217,0
1814,1
890,1
1114,0
974,0
296,0
2320,0
795,1
867,1
1703,0
670,1
981,1
1094,0
755,1
1388,1
1387,1
535,1
1653,0
1904,0
1868,0
1767,0
855,1
1157,1
1869,0
1152,0
1401,0
918,0
745,1
1283,0
1481,1
1807,0
542,1
1441,0
1277,0
1486,0
273,0
177,1
545,1
1185,0
631,0
995,0
1088,0
877,0
798,0
2380,0
1679,1
498,1
2138,0
2175,0
2271,0
17,0
964,1
540,1
747,1
650,1
410,1
624,1
1560,0
455,1
1629,0
1730,0
1483,0
687,1
308,1
563,1
46,0
2144,0
344,1
945,0
1905,0
855,1
2370,0
853,0
692,0
475,1
2195,0
758,0
648,1
761,0
596,0
195,1
473,1
747,0
2659,0
1977,1
2401,0
1499,0
1856,0
595,1
2148,0
2126,0
1975,1
1641,1
1717,0
1858,0
2049,0
1502,1
1922,0
1818,0
1100,0
1499,0
359,1
1645,0
1356,0
1632,0
967,0
1091,0
918,1
557,1
1219,1
2170,0
729,1
1449,1
991,1
481,1
1655,0
857,1
369,1
1627,0
1578,0
732,1
460,1
1208,0
730,1
722,0
717,0
651,0
637,0
615,0
42,0
307,1
983,1
120,1
1525,1
1680,0
1730,1
805,1
2388,0
559,1
1977,0
476,1
1514,0
1617,0
1094,1
784,1
181,1
415,1
1120,1
316,1
637,1
247,1
888,0
622,1
806,0
1163,0
1721,0
741,0
372,1
1331,0
394,1
652,0
657,0
567,0
429,0
566,0
15,0
98,1
368,0
432,0
319,0
65,0
16,0
29,0
18,0
17,0
308,1
1965,0
548,1
293,1
2017,0
1093,0
792,0
586,1
1434,0
67,0
623,0
2128,0
1965,0
2161,0
1183,1
1108,1
2065,0
1598,0
491,1
1366,1
424,0
859,1
180,1
1625,0
1938,0
1343,1
646,1
2192,0
502,1
1675,0
1363,1
420,1
982,1
1459,0
1192,0
1264,0
1095,0
1078,0
737,0
461,0
465,1
842,1
918,0
374,1
1089,0
1527,0
285,1
1306,1
797,1
1441,0
343,1
936,0
195,0
503,1
827,1
1427,0
854,0
177,1
281,1
205,1
751,0
629,1
526,0
463,0
529,0
623,0
546,0
213,0
276,0
2010,0
2009,0
1984,0
1981,0
624,1
742,1
1818,0
1493,1
1432,0
801,1
1182,0
71,0
114,0
63,0
1722,0
1692,0
177,0
57,0
1152,0
733,0
1459,1
2237,0
933,0
2056,0
1729,0
2024,0
2039,1
2027,0
2007,0
1253,1
1789,0
1707,0
1714,0
1717,0
329,1
1624,0
1600,0
385,1
1475,0
1435,0
541,0
1329,0
1357,0
1343,0
748,1
1090,1
1219,0
553,0
662,1
969,0
974,0
866,1
504,1
721,0
186,0
769,1
727,1
1701,1
