"scenario","n","parameter","true_value","mean_estimate","bias","abs_bias","mse","convergence_rate","mean_logLik","mean_AIC","mean_BIC"
"S1",100,"alpha",0.5,1.69259062499916,1.19259062499916,1.35984790347207,19.011309202872,1,-2.55265995729222,11.1053199145844,18.9208304725487
"S1",100,"beta",1,0.990163972731536,-0.00983602726846443,0.0589753088882584,0.00575808479198903,1,-2.55265995729222,11.1053199145844,18.9208304725487
"S1",100,"lambda",0.8,1.04463715810178,0.244637158101784,0.446443410087372,0.344579332959987,1,-2.55265995729222,11.1053199145844,18.9208304725487
"S2",100,"alpha",1,1334.71337099706,1333.71337099706,1333.92515593787,13327681.754795,1,-64.0668352348282,134.133670469656,141.949181027621
"S2",100,"beta",2,1.97775320468517,-0.0222467953148341,0.176661640161613,0.047535966550653,1,-64.0668352348282,134.133670469656,141.949181027621
"S2",100,"lambda",0.5,0.640182731233103,0.140182731233103,0.23147561817723,0.0832875721990451,1,-64.0668352348282,134.133670469656,141.949181027621
"S3",100,"alpha",1.5,1668.31151897451,1666.81151897451,1667.34291609151,16661478.3483696,1,-57.4278707915105,120.855741583021,128.671252140985
"S3",100,"beta",3,3.03351634705894,0.0335163470589395,0.252174763961107,0.0969593891447009,1,-57.4278707915105,120.855741583021,128.671252140985
"S3",100,"lambda",0.3,0.346169812741356,0.0461698127413557,0.125988349336598,0.0256550433019427,1,-57.4278707915105,120.855741583021,128.671252140985
"S1",500,"alpha",0.5,0.63695144566874,0.13695144566874,0.287341278083212,0.136116907944685,1,-15.3382039656303,36.6764079312606,49.3202322265272
"S1",500,"beta",1,1.00090319461157,0.000903194611565505,0.0286256203901686,0.00141636314660356,1,-15.3382039656303,36.6764079312606,49.3202322265272
"S1",500,"lambda",0.8,0.894121203684759,0.0941212036847589,0.286071329779239,0.111085627865521,1,-15.3382039656303,36.6764079312606,49.3202322265272
"S2",500,"alpha",1,1.18389352641439,0.183893526414387,0.529260857600351,0.612874166440685,1,-323.916283519663,653.832567039325,666.476391334592
"S2",500,"beta",2,2.01052664887897,0.0105266488789679,0.0768857549772473,0.00986792523009536,1,-323.916283519663,653.832567039325,666.476391334592
"S2",500,"lambda",0.5,0.502010985187658,0.00201098518765747,0.116100545038532,0.0193284592670978,1,-323.916283519663,653.832567039325,666.476391334592
"S3",500,"alpha",1.5,335.004510815697,333.504510815697,333.899958754448,3332264.0088825,1,-299.605674284373,605.211348568746,617.855172864013
"S3",500,"beta",3,2.98285570746104,-0.0171442925389558,0.11041278466776,0.0264006379583478,1,-299.605674284373,605.211348568746,617.855172864013
"S3",500,"lambda",0.3,0.31098647237866,0.0109864723786601,0.0614806062291041,0.00705261157718391,1,-299.605674284373,605.211348568746,617.855172864013
"S1",1000,"alpha",0.5,0.53942977628618,0.0394297762861801,0.182429161525144,0.0531107538832038,1,-32.7951255373103,71.5902510746207,86.3135169115671
"S1",1000,"beta",1,0.997804601978529,-0.00219539802147141,0.0228640177686465,0.000835822169810304,1,-32.7951255373103,71.5902510746207,86.3135169115671
"S1",1000,"lambda",0.8,0.817787457717829,0.0177874577178291,0.177706443949799,0.0514382058392558,1,-32.7951255373103,71.5902510746207,86.3135169115671
"S2",1000,"alpha",1,1.04485228288941,0.0448522828894145,0.292769704307207,0.182519156843408,1,-653.198326162391,1312.39665232478,1327.11991816173
"S2",1000,"beta",2,2.00882055608845,0.00882055608844564,0.0631713482263253,0.00566563879657109,1,-653.198326162391,1312.39665232478,1327.11991816173
"S2",1000,"lambda",0.5,0.491789998932199,-0.00821000106780137,0.0762260457694307,0.00920075896445582,1,-653.198326162391,1312.39665232478,1327.11991816173
"S3",1000,"alpha",1.5,2.03257033787059,0.532570337870585,0.756692149986098,0.952113939576264,1,-597.724119671008,1201.44823934202,1216.17150517896
"S3",1000,"beta",3,2.95254356163436,-0.0474564383656421,0.103221518515399,0.0151669648960068,1,-597.724119671008,1201.44823934202,1216.17150517896
"S3",1000,"lambda",0.3,0.33173604233066,0.0317360423306597,0.0601572142845614,0.00470207136355993,1,-597.724119671008,1201.44823934202,1216.17150517896
