"scenario","n","parameter","true_value","median_estimate","mean_estimate","abs_bias_median","mse","convergence_rate","alpha_extreme_rate"
"S1",100,"alpha",0.5,0.626619793604624,1.69259062499916,0.126619793604624,19.0113092028719,1,0
"S1",100,"beta",1,0.975745709745251,0.990163972731536,0.024254290254749,0.00575808479198914,1,0
"S1",100,"lambda",0.8,0.930995193590276,1.04463715810178,0.130995193590276,0.344579332959987,1,0
"S2",100,"alpha",1,1.40391230614846,1334.71337099706,0.403912306148455,13327681.754795,1,0.133333333333333
"S2",100,"beta",2,1.96221631987886,1.97775320468517,0.0377836801211351,0.047535966550653,1,0.133333333333333
"S2",100,"lambda",0.5,0.613686896503848,0.640182731233103,0.113686896503848,0.083287572199045,1,0.133333333333333
"S3",100,"alpha",1.5,1.7445723588823,1668.31151897451,0.244572358882305,16661478.3483696,1,0.166666666666667
"S3",100,"beta",3,3.00461898516227,3.03351634705894,0.00461898516226977,0.0969593891447015,1,0.166666666666667
"S3",100,"lambda",0.3,0.289687456600689,0.346169812741356,0.010312543399311,0.0256550433019427,1,0.166666666666667
"S1",500,"alpha",0.5,0.565788500556565,0.63695144566874,0.065788500556565,0.136116907944685,1,0
"S1",500,"beta",1,1.00930865645145,1.00090319461157,0.00930865645144996,0.00141636314660357,1,0
"S1",500,"lambda",0.8,0.909898124396395,0.894121203684759,0.109898124396395,0.111085627865521,1,0
"S2",500,"alpha",1,0.997715672785876,1.18389352641439,0.00228432721412353,0.612874166440685,1,0
"S2",500,"beta",2,2.00142328768444,2.01052664887897,0.00142328768443534,0.00986792523009537,1,0
"S2",500,"lambda",0.5,0.486804350161566,0.502010985187658,0.0131956498384335,0.0193284592670978,1,0
"S3",500,"alpha",1.5,1.58393248654216,335.004510815697,0.08393248654216,3332264.0088825,1,0.0333333333333333
"S3",500,"beta",3,3.00718317341539,2.98285570746104,0.00718317341539487,0.0264006379583478,1,0.0333333333333333
"S3",500,"lambda",0.3,0.296808854817462,0.31098647237866,0.00319114518253799,0.0070526115771839,1,0.0333333333333333
"S1",1000,"alpha",0.5,0.491523463900974,0.53942977628618,0.00847653609902599,0.0531107538832038,1,0
"S1",1000,"beta",1,0.997132267299479,0.997804601978528,0.00286773270052054,0.000835822169810278,1,0
"S1",1000,"lambda",0.8,0.819161386935053,0.817787457717829,0.0191613869350529,0.0514382058392557,1,0
"S2",1000,"alpha",1,0.934690082024007,1.04485228288941,0.0653099179759925,0.182519156843408,1,0
"S2",1000,"beta",2,2.02226648556672,2.00882055608845,0.0222664855667247,0.00566563879657114,1,0
"S2",1000,"lambda",0.5,0.474277811509381,0.491789998932199,0.0257221884906195,0.00920075896445583,1,0
"S3",1000,"alpha",1.5,1.97328208645553,2.03257033787059,0.47328208645553,0.952113939576264,1,0
"S3",1000,"beta",3,2.95493862078145,2.95254356163436,0.0450613792185548,0.0151669648960066,1,0
"S3",1000,"lambda",0.3,0.342173301878144,0.33173604233066,0.042173301878144,0.00470207136355994,1,0
