"scenario","n","replication","alpha_true","beta_true","lambda_true","alpha_hat","beta_hat","lambda_hat","logLik","AIC","BIC","convergence"
"S1",100,1,0.5,1,0.8,0.566163971136217,1.0266744497664,0.921607307514159,-1.4162396290056,8.83247925801119,16.6479898159755,0
"S1",100,2,0.5,1,0.8,0.307067373669839,1.18645722301365,0.658554259751391,-2.71531657996436,11.4306331599287,19.246143717893,0
"S1",100,3,0.5,1,0.8,0.99736598645536,0.965086771957683,1.2985144566734,1.22346954228807,3.55306091542385,11.3685714733881,0
"S1",100,4,0.5,1,0.8,0.228794931855615,0.967483145560554,0.406578747628385,-10.3230193930129,26.6460387860258,34.4615493439901,0
"S1",100,5,0.5,1,0.8,0.290573400779404,1.00628100232932,0.553487074599842,-1.47052257408406,8.94104514816812,16.7565557061324,0
"S1",100,6,0.5,1,0.8,2.48617551369303,0.920974580262963,1.6479249646341,-10.2419809740333,26.4839619480666,34.2994725060309,0
"S1",100,7,0.5,1,0.8,1.25954285368941,0.981693461306854,1.41861320016395,-1.98842830897617,9.97685661795235,17.7923671759166,0
"S1",100,8,0.5,1,0.8,0.715893494920698,0.921523193979241,1.00845977470829,2.22370355396493,1.55259289207014,9.36810345003441,0
"S1",100,9,0.5,1,0.8,0.795550021681178,0.954878026612367,1.1322047695082,3.96096260391732,-1.92192520783465,5.89358535012963,0
"S1",100,10,0.5,1,0.8,2.75271143615271,0.93459587743672,1.86627414019204,-1.10364342868006,8.20728685736012,16.0227974153244,0
"S1",100,11,0.5,1,0.8,0.127513279697642,1.18884701315384,0.365328036809013,15.138389982474,-24.2767799649479,-16.4612694069837,0
"S1",100,12,0.5,1,0.8,1.18426556408348,1.03673020716037,1.54685221304346,4.64056997727967,-3.28113995455934,4.53437060340494,0
"S1",100,13,0.5,1,0.8,0.389365073317291,0.959806260193098,0.627674393590627,-5.98442816152847,17.9688563230569,25.7843668810212,0
"S1",100,14,0.5,1,0.8,0.371548333477693,1.03140353310402,0.861168656055164,22.5673234615629,-39.1346469231259,-31.3191363651616,0
"S1",100,15,0.5,1,0.8,0.280575386216808,1.00141462965917,0.394207465123446,-29.8632937177865,65.7265874355729,73.5420979935372,0
"S1",100,16,0.5,1,0.8,0.387816435350314,1.02667209037312,0.788392914562524,9.78770070551249,-13.575401411025,-5.75989085306071,0
"S1",100,17,0.5,1,0.8,0.7221422435688,0.97951048981463,0.940383079666393,-11.5293807478702,29.0587614957404,36.8742720537047,0
"S1",100,18,0.5,1,0.8,1.58355716411739,0.878481588389648,1.15586359075796,-28.6752863670324,63.3505727340648,71.1660832920291,0
"S1",100,19,0.5,1,0.8,0.428909907934938,1.03847145485929,0.648645216859155,-16.9894747842459,39.9789495684918,47.7944601264561,0
"S1",100,20,0.5,1,0.8,0.22385608374635,1.105383967622,0.603103859115442,20.4340019102563,-34.8680038205126,-27.0524932625483,0
"S1",100,21,0.5,1,0.8,0.415501574590264,0.902746049450207,0.617380016588859,-10.9071054223437,27.8142108446874,35.6297214026517,0
"S1",100,22,0.5,1,0.8,0.582941925467521,0.985555744400646,0.831793499596109,-10.67611252357,27.3522250471401,35.1677356051043,0
"S1",100,23,0.5,1,0.8,0.363223454384495,0.917808098273196,0.57025633305074,-10.2523803569664,26.5047607139329,34.3202712718971,0
"S1",100,24,0.5,1,0.8,0.670297661741727,0.970654249439105,0.971952251601857,-3.03398893592338,12.0679778718468,19.883488429811,0
"S1",100,25,0.5,1,0.8,1.40404167900739,0.971980929675872,1.75496253480424,15.5746046757368,-25.1492093514736,-17.3336987935094,0
"S1",100,26,0.5,1,0.8,2.23359043132297,1.07999604303229,1.94805178561227,-0.137402638079133,6.27480527615827,14.0903158341225,0
"S1",100,27,0.5,1,0.8,0.176395587885721,0.946509329525405,0.339297902536746,-3.39949285536252,12.798985710725,20.6144962686893,0
"S1",100,28,0.5,1,0.8,4.24915381161162,0.936385404043399,1.99488493521475,-5.49459974985944,16.9891994997189,24.8047100576831,0
"S1",100,29,0.5,1,0.8,23.738703415279,0.87215675732757,2.26445628545121,-6.52192100505769,19.0438420101154,26.8593525680797,0
"S1",100,30,0.5,1,0.8,0.84448075313983,1.00875761022346,1.20224107763978,0.593493021623105,4.81301395675379,12.6285245147181,0
"S1",500,1,0.5,1,0.8,0.612440143456709,1.00934766815155,0.940465199688275,-16.6267258695763,39.2534517391526,51.8972760344192,0
"S1",500,2,0.5,1,0.8,1.10170762251591,0.904631401457183,1.14906486499784,-57.6633942487296,121.326788497459,133.970612792726,0
"S1",500,3,0.5,1,0.8,0.134034758959314,1.06800913847765,0.298274661060787,12.4406055363201,-18.8812110726403,-6.23738677737372,0
"S1",500,4,0.5,1,0.8,0.915930625526368,0.979851819122004,1.2708687242674,23.1825643796066,-40.3651287592132,-27.7213044639467,0
"S1",500,5,0.5,1,0.8,0.774939277752362,1.01051548467841,1.11329637227694,-9.84869523033249,25.697390460665,38.3412147559316,0
"S1",500,6,0.5,1,0.8,0.326570230465811,1.03479512983026,0.563820920651859,-51.7285302644374,109.457060528875,122.100884824141,0
"S1",500,7,0.5,1,0.8,0.435721809782928,1.00926964475135,0.747190381419411,-14.0392360677836,34.0784721355672,46.7222964308337,0
"S1",500,8,0.5,1,0.8,0.498738292006015,1.03254127015672,0.851356796227022,-3.01828077674534,12.0365615534907,24.6803858487573,0
"S1",500,9,0.5,1,0.8,0.859226269101856,0.994513629778634,1.1405938085247,-23.8854533633946,53.7709067267892,66.4147310220558,0
"S1",500,10,0.5,1,0.8,0.563387111080051,1.00467657311385,0.918163028503113,1.62326054987232,2.75347890025535,15.3973031955219,0
"S1",500,11,0.5,1,0.8,0.369173020695849,1.02948024988735,0.727991531135365,31.2446534835062,-56.4893069670123,-43.8454826717458,0
"S1",500,12,0.5,1,0.8,0.17720399708372,1.04957301196437,0.359001351259803,-16.6252141082298,39.2504282164596,51.8942525117262,0
"S1",500,13,0.5,1,0.8,0.224503997464931,1.03063211451839,0.430873897291962,-18.6531440066315,43.306288013263,55.9501123085296,0
"S1",500,14,0.5,1,0.8,0.745877649655247,0.986652205851371,1.05858093601165,-11.8026110692797,29.6052221385594,42.249046433826,0
"S1",500,15,0.5,1,0.8,0.789173872766057,1.06045623184786,1.18344504549213,-2.70746319330935,11.4149263866187,24.0587506818853,0
"S1",500,16,0.5,1,0.8,0.429220418159533,1.01133958558644,0.725401094952881,-24.1082717307538,54.2165434615077,66.8603677567743,0
"S1",500,17,0.5,1,0.8,1.53302089465175,0.911207260219579,1.40716664759358,-33.3232187919507,72.6464375839014,85.290261879168,0
"S1",500,18,0.5,1,0.8,0.328568685594489,1.00155176981144,0.556056779746913,-40.0889449471252,86.1778898942505,98.8217141895171,0
"S1",500,19,0.5,1,0.8,1.20039116625042,0.968030860047452,1.31128670059071,-37.4687349037015,80.937469807403,93.5812941026696,0
"S1",500,20,0.5,1,0.8,0.900375944670688,0.982239860377022,1.22607525812468,2.13697252896706,1.72605494206589,14.3698792373325,0
"S1",500,21,0.5,1,0.8,0.252122718188838,1.02668943221722,0.494909062379482,-6.67049283557273,19.3409856711455,31.984809966412,0
"S1",500,22,0.5,1,0.8,1.17393265152887,0.983392656730629,1.45869858561815,23.1704477322749,-40.3408954645499,-27.6970711692833,0
"S1",500,23,0.5,1,0.8,0.568189890033079,1.01967328040642,0.879779873858933,-29.7572648468133,65.5145296936267,78.1583539888933,0
"S1",500,24,0.5,1,0.8,0.526692022069572,1.01469511923809,0.901633220289677,6.95502916773952,-7.91005833547905,4.73376595978753,0
"S1",500,25,0.5,1,0.8,0.66215009526123,0.994639595561106,1.06780546933886,28.5065190312866,-51.0130380625732,-38.3692137673066,0
"S1",500,26,0.5,1,0.8,0.379483207657999,1.01493882661128,0.656017860371953,-26.2882196176692,58.5764392353385,71.2202635306051,0
"S1",500,27,0.5,1,0.8,0.1888113777235,1.01474769377736,0.361210568312383,-27.5359617408148,61.0719234816297,73.7157477768963,0
"S1",500,28,0.5,1,0.8,1.03683742148754,0.940413523190195,1.10971375226994,-70.6712103466313,147.342420693263,159.986244988529,0
"S1",500,29,0.5,1,0.8,0.56137963673637,0.989442782774739,0.840017755326663,-39.3448791206022,84.6897582412044,97.333582536471,0
"S1",500,30,0.5,1,0.8,0.838738561735202,0.949148018211039,1.07487596295971,-27.5502242983974,61.1004485967948,73.7442728920614,0
"S1",1000,1,0.5,1,0.8,0.346226827548821,1.03607255034946,0.680229544297746,35.4242516336473,-64.8485032672946,-50.1252374303482,0
"S1",1000,2,0.5,1,0.8,0.451995441854156,0.994479890405368,0.797358629637148,22.7826554981018,-39.5653109962037,-24.8420451592573,0
"S1",1000,3,0.5,1,0.8,0.437750126080671,1.02951382923285,0.771857721725433,-4.70311751027769,15.4062350205554,30.1295008575018,0
"S1",1000,4,0.5,1,0.8,0.704585310147128,0.96433283437023,0.944763028110358,-83.5932954591871,173.186590918374,187.909856755321,0
"S1",1000,5,0.5,1,0.8,0.685176337750574,1.01267184050881,0.925049007800376,-118.110937394671,242.221874789341,256.945140626288,0
"S1",1000,6,0.5,1,0.8,0.544357363256079,0.987605608519946,0.828462203400287,-56.5342524660641,119.068504932128,133.791770769075,0
"S1",1000,7,0.5,1,0.8,0.570571689789712,0.987640200930781,0.898466085068357,-19.8088018669075,45.6176037338149,60.3408695707613,0
"S1",1000,8,0.5,1,0.8,0.926579214008119,0.952754576742821,1.18505964446714,-19.3648677987198,44.7297355974395,59.4530014343859,0
"S1",1000,9,0.5,1,0.8,0.918981368955042,0.961194039738847,1.0900852724055,-108.780417444131,223.560834888263,238.284100725209,0
"S1",1000,10,0.5,1,0.8,0.974930433020109,0.94504323188953,1.21410820453487,-14.194555790818,34.389111581636,49.1123774185824,0
"S1",1000,11,0.5,1,0.8,0.372335323793859,0.999423461248752,0.664026048686539,-18.2621379608919,42.5242759217838,57.2475417587302,0
"S1",1000,12,0.5,1,0.8,0.707451725736754,0.992500210270256,1.03865696361244,-14.5486646537091,35.0973293074182,49.8205951443646,0
"S1",1000,13,0.5,1,0.8,0.354931243001805,1.0285900481398,0.621432984295071,-65.1906204969169,136.381240993834,151.10450683078,0
"S1",1000,14,0.5,1,0.8,0.250704469027069,1.04771018788572,0.52416644784619,28.2816859307781,-50.5633718615561,-35.8401060246097,0
"S1",1000,15,0.5,1,0.8,0.538343631700588,0.972099381668432,0.858951078079995,-10.8285135813719,27.6570271627439,42.3802929996903,0
"S1",1000,16,0.5,1,0.8,0.451445936386454,0.994933818746148,0.759303819300824,-29.1559261836696,64.3118523673392,79.0351182042856,0
"S1",1000,17,0.5,1,0.8,0.439310373834045,1.01204800979728,0.774654775840647,-3.99645481485019,13.9929096297004,28.7161754666468,0
"S1",1000,18,0.5,1,0.8,0.362499600625032,1.01242181423654,0.659462712952857,-10.2804767452437,26.5609534904874,41.2842193274339,0
"S1",1000,19,0.5,1,0.8,0.580468094228162,1.00363726452136,0.943671207739484,6.59644591328461,-7.19289182656923,7.53037401037718,0
"S1",1000,20,0.5,1,0.8,0.17545839659453,1.01908437101671,0.350133031015538,-24.4406817331261,54.8813634662522,69.6046293031986,0
"S1",1000,21,0.5,1,0.8,0.472495061103456,0.984337395065889,0.741851300371483,-68.251901680109,142.503803360218,157.227069197164,0
"S1",1000,22,0.5,1,0.8,0.241424612972986,1.00763371851584,0.44896189346383,-53.4601794460204,112.920358892041,127.643624728987,0
"S1",1000,23,0.5,1,0.8,0.973435205135571,0.96252528527929,1.13796021976655,-89.1732797189518,184.346559437904,199.06982527485,0
"S1",1000,24,0.5,1,0.8,0.883941808556078,0.974008327259404,1.21553139915966,18.4972160768069,-30.9944321536138,-16.2711663166674,0
"S1",1000,25,0.5,1,0.8,0.377780545229362,0.999330715852811,0.630314040347141,-76.8536702158451,159.70734043169,174.430606268637,0
"S1",1000,26,0.5,1,0.8,0.43767438096701,1.07059939657676,0.809860570469819,9.10892185471329,-12.2178437094266,2.50542212751982,0
"S1",1000,27,0.5,1,0.8,0.510551866698492,0.990732988951898,0.829745658169126,-20.781387618986,47.562775237972,62.2860410749184,0
"S1",1000,28,0.5,1,0.8,0.726316845482498,0.96116679620783,0.925362527970556,-133.670996899232,273.341993798464,288.065259635411,0
"S1",1000,29,0.5,1,0.8,0.18297688239629,1.02786351552139,0.377462256740009,-5.00911913679485,16.0182382735897,30.7415041105361,0
"S1",1000,30,0.5,1,0.8,0.582193172704955,1.00218274990509,0.886675454259895,-55.5506864101472,117.101372820294,131.824638657241,0
"S2",100,1,1,2,0.5,10.5885416900873,1.6210987906909,0.985924686218664,-70.4541059003589,146.908211800718,154.723722358682,0
"S2",100,2,1,2,0.5,1.46532262367762,1.90671771423793,0.578174023997904,-69.4117137563852,144.82342751277,152.638938070735,0
"S2",100,3,1,2,0.5,1.78829670384576,1.85234869151756,0.632205530388119,-70.3569854290339,146.713970858068,154.529481416032,0
"S2",100,4,1,2,0.5,0.761266448380504,2.4910437316273,0.321926916320677,-63.5601432345542,133.120286469108,140.935797027073,0
"S2",100,5,1,2,0.5,9999.96913202726,1.87433359748249,1.10886709369656,-58.1684542383658,122.336908476732,130.152419034696,0
"S2",100,6,1,2,0.5,2.52268608840119,1.70066390875808,0.804630618635387,-66.6743637866146,139.348727573229,147.164238131193,0
"S2",100,7,1,2,0.5,1.38288227368242,1.75342203692042,0.595168262619578,-71.8106004168489,149.621200833698,157.436711391662,0
"S2",100,8,1,2,0.5,2.62688449366269,1.96102828396129,0.852637327462165,-56.9530756916951,119.90615138339,127.721661941354,0
"S2",100,9,1,2,0.5,0.611821242637835,2.06651122746476,0.29758961210891,-75.5714246259688,157.142849251938,164.958359809902,0
"S2",100,10,1,2,0.5,1.90083930965901,2.00901305812576,0.711906255944835,-60.0452060594199,126.09041211884,133.905922676804,0
"S2",100,11,1,2,0.5,9999.99906834665,1.75966149361234,1.12326206840906,-61.775653753538,129.551307507076,137.36681806504,0
"S2",100,12,1,2,0.5,9999.75826040312,1.93726216279439,1.03647558131913,-60.2616196635283,126.523239327057,134.338749885021,0
"S2",100,13,1,2,0.5,0.94301469683578,1.91006421879618,0.455453431220364,-71.9160283047693,149.832056609539,157.647567167503,0
"S2",100,14,1,2,0.5,0.515273828022847,1.87778223298095,0.30353525962658,-75.5647236936546,157.129447387309,164.944957945273,0
"S2",100,15,1,2,0.5,1.15227169951951,1.9694507453435,0.571988755755475,-63.0229262383309,132.045852476662,139.861363034626,0
"S2",100,16,1,2,0.5,0.915753258608453,2.02250702753498,0.471643650041463,-65.4661572726301,136.93231454526,144.747825103225,0
"S2",100,17,1,2,0.5,1.56050473321049,1.96340435579644,0.787074801639779,-52.6713480330495,111.342696066099,119.158206624063,0
"S2",100,18,1,2,0.5,1.42494233861449,2.26266596567621,0.815788378350251,-42.9135392762339,91.8270785524678,99.6425891104321,0
"S2",100,19,1,2,0.5,0.359152408148426,2.38079410951449,0.340080519844448,-44.1583478005782,94.3166956011564,102.132206159121,0
"S2",100,20,1,2,0.5,9995.78884597975,1.60339067242121,1.06354057390094,-70.0964240799074,146.192848159815,154.008358717779,0
"S2",100,21,1,2,0.5,0.877826442285883,2.26440103950696,0.531461123426639,-52.8381962375639,111.676392475128,119.491903033092,0
"S2",100,22,1,2,0.5,0.946776908131636,1.91293285546562,0.355017700155608,-84.0973075414448,174.19461508289,182.010125640854,0
"S2",100,23,1,2,0.5,0.345657998684025,2.2003684550332,0.215295882455463,-67.7370761606077,141.474152321215,149.28966287918,0
"S2",100,24,1,2,0.5,3.30190167425806,2.07399894505057,0.699951057515105,-65.6044485414018,137.208897082804,145.024407640768,0
"S2",100,25,1,2,0.5,1.1737616679196,2.08383613110522,0.658257533080645,-53.2469099079232,112.493819815846,120.309330373811,0
"S2",100,26,1,2,0.5,0.761485299508326,2.21648234583354,0.37006372406459,-66.42267500037,138.84535000074,146.660860558704,0
"S2",100,27,1,2,0.5,3.92001616110038,1.69545684979199,0.708003499513437,-80.840689778162,167.681379556324,175.496890114288,0
"S2",100,28,1,2,0.5,1.14072016625162,2.13481775292354,0.573436181867703,-57.7119875431824,121.423975086365,129.239485644329,0
"S2",100,29,1,2,0.5,0.78519735668377,1.71735485728201,0.532114107409875,-63.6331256744548,133.26625134891,141.081761906874,0
"S2",100,30,1,2,0.5,2.11302564328951,2.10978288330516,0.704007780003739,-59.0197994042707,124.039598808541,131.855109366506,0
"S2",500,1,1,2,0.5,0.421109771197474,2.00942967074074,0.317914119170244,-305.831586086668,617.663172173337,630.306996468603,0
"S2",500,2,1,2,0.5,1.66945974208626,1.90178881129598,0.646314235825618,-331.603794372449,669.207588744897,681.851413040164,0
"S2",500,3,1,2,0.5,0.727724491155161,2.11074732777922,0.42865487117236,-305.801007361205,617.60201472241,630.245839017677,0
"S2",500,4,1,2,0.5,0.954971989024733,1.95502553370785,0.483260001878024,-335.588567987738,677.177135975476,689.820960270742,0
"S2",500,5,1,2,0.5,3.9480952254352,1.84373520712801,0.830932701436177,-329.536498612804,665.072997225607,677.716821520874,0
"S2",500,6,1,2,0.5,0.456627086789545,2.10626774269673,0.299364742761431,-322.75693221687,651.51386443374,664.157688729006,0
"S2",500,7,1,2,0.5,1.20582396591943,1.94266339392234,0.546528632808789,-335.542518506965,677.08503701393,689.728861309197,0
"S2",500,8,1,2,0.5,0.57527618503655,1.97439307863016,0.344059458971957,-347.953342217701,701.906684435402,714.550508730668,0
"S2",500,9,1,2,0.5,1.1767722065218,2.13460137756047,0.520435642757727,-313.262125960653,632.524251921305,645.168076216572,0
"S2",500,10,1,2,0.5,1.65942320973268,1.96334149063314,0.597559133854847,-340.399386566866,686.798773133731,699.442597428998,0
"S2",500,11,1,2,0.5,1.13735620125782,1.95040548550706,0.521027380822736,-339.188316334905,684.37663266981,697.020456965076,0
"S2",500,12,1,2,0.5,2.95619491121068,1.94366560288008,0.773009797705958,-318.571320532563,643.142641065125,655.786465360392,0
"S2",500,13,1,2,0.5,0.909118216031164,2.02251906125142,0.490348698445109,-317.465571946062,640.931143892124,653.574968187391,0
"S2",500,14,1,2,0.5,1.54410937294486,1.97027404167384,0.590172909188189,-336.120358109692,678.240716219384,690.88454051465,0
"S2",500,15,1,2,0.5,0.595960099397806,2.0279175792146,0.398086530500368,-305.321728855317,616.643457710633,629.2872820059,0
"S2",500,16,1,2,0.5,0.725005513802265,1.94753151957903,0.396064746254257,-351.908554716558,709.817109433116,722.460933728382,0
"S2",500,17,1,2,0.5,0.752540922991835,2.15311055805935,0.407529124482766,-315.929359248851,637.858718497701,650.502542792968,0
"S2",500,18,1,2,0.5,1.04045935654702,1.99341690462813,0.479337327692327,-342.850584938895,691.70116987779,704.344994173057,0
"S2",500,19,1,2,0.5,1.66239104088881,2.04401371302217,0.598999176936675,-325.346167782391,656.692335564782,669.336159860048,0
"S2",500,20,1,2,0.5,0.502085245801312,2.03622141055462,0.332831182800917,-323.042633795282,652.085267590564,664.729091885831,0
"S2",500,21,1,2,0.5,1.23673398786993,1.94430318799769,0.623302329061205,-304.31498811864,614.62997623728,627.273800532547,0
"S2",500,22,1,2,0.5,0.524193033077953,2.28343722035195,0.350801179513443,-281.977446704464,569.954893408928,582.598717704195,0
"S2",500,23,1,2,0.5,1.9454791872976,2.01791391250402,0.672490270213186,-313.174700201146,632.349400402293,644.993224697559,0
"S2",500,24,1,2,0.5,1.06937398641355,2.03770152041382,0.519989659550929,-318.879958359488,643.759916718976,656.403741014242,0
"S2",500,25,1,2,0.5,1.68566526047004,1.8567326751957,0.696189941355476,-318.040324680041,642.080649360081,654.724473655348,0
"S2",500,26,1,2,0.5,0.666985728580973,1.99110966733676,0.400053079744243,-329.703013359965,665.406026719931,678.049851015197,0
"S2",500,27,1,2,0.5,0.609871465244648,2.15050876286037,0.380671510542819,-304.750267201446,615.500534402892,628.144358698159,0
"S2",500,28,1,2,0.5,0.557699254784669,2.1143198234255,0.319618260623596,-336.750524162199,679.501048324398,692.144872619665,0
"S2",500,29,1,2,0.5,0.84032102929445,2.06247637740824,0.460061767683025,-312.669869363156,631.339738726312,643.983563021579,0
"S2",500,30,1,2,0.5,1.7599781056254,1.82622680841004,0.634721141875328,-353.207057288899,712.414114577797,725.057938873064,0
"S2",1000,1,1,2,0.5,0.726575499058861,2.06855160859205,0.403642564479643,-654.168994186913,1314.33798837383,1329.06125421077,0
"S2",1000,2,1,2,0.5,1.12851121855621,1.93569045364827,0.54161929432309,-662.173881550722,1330.34776310144,1345.07102893839,0
"S2",1000,3,1,2,0.5,0.863608832941919,1.99210993716133,0.465203301919035,-654.271263459005,1314.54252691801,1329.26579275496,0
"S2",1000,4,1,2,0.5,1.14448032323749,1.9509477930819,0.527848378579632,-671.81063447494,1349.62126894988,1364.34453478683,0
"S2",1000,5,1,2,0.5,0.756609555856956,2.03932641444394,0.456136596890146,-615.114157913601,1236.2283158272,1250.95158166415,0
"S2",1000,6,1,2,0.5,0.456119885908073,2.08731101902413,0.298789814764648,-651.001767034942,1308.00353406988,1322.72679990683,0
"S2",1000,7,1,2,0.5,1.09964172859196,1.95775244686549,0.533543911084004,-657.005530138705,1320.01106027741,1334.73432611436,0
"S2",1000,8,1,2,0.5,1.79079008929876,1.85570916255199,0.671195625544614,-665.659036989568,1337.31807397914,1352.04133981608,0
"S2",1000,9,1,2,0.5,0.597386330807575,2.04862555008514,0.354682290104853,-664.770862901041,1335.54172580208,1350.26499163903,0
"S2",1000,10,1,2,0.5,0.788701558407506,2.01036614980324,0.440321785616501,-651.43235433896,1308.86470867792,1323.58797451487,0
"S2",1000,11,1,2,0.5,1.20455505013037,1.96336036131332,0.547054888822568,-663.051242902116,1332.10248580423,1346.82575164118,0
"S2",1000,12,1,2,0.5,0.667526604289624,2.08637655246515,0.376178341551823,-655.04941278528,1316.09882557056,1330.82209140751,0
"S2",1000,13,1,2,0.5,0.939472597262425,2.03399744571821,0.48458794866094,-643.817886031574,1293.63577206315,1308.35903790009,0
"S2",1000,14,1,2,0.5,1.81475175075894,1.8281406358726,0.645217401305539,-701.044571427123,1408.08914285425,1422.81240869119,0
"S2",1000,15,1,2,0.5,2.36747453118222,1.9099409541361,0.697765261636873,-673.029113718344,1352.05822743669,1366.78149327364,0
"S2",1000,16,1,2,0.5,0.973014882173214,2.03140277478974,0.520090581959379,-618.626117873861,1243.25223574772,1257.97550158467,0
"S2",1000,17,1,2,0.5,1.99264260771425,1.94329457577322,0.697335119387122,-637.295798719892,1280.59159743978,1295.31486327673,0
"S2",1000,18,1,2,0.5,0.750810323283612,2.02102393287842,0.41801442071002,-660.790915818966,1327.58183163793,1342.30509747488,0
"S2",1000,19,1,2,0.5,1.40870655252547,1.99721044658359,0.59558273617373,-641.354308124297,1288.70861624859,1303.43188208554,0
"S2",1000,20,1,2,0.5,0.86533677910577,2.07706272178699,0.448321041331988,-646.432883427592,1298.86576685518,1313.58903269213,0
"S2",1000,21,1,2,0.5,0.80070250987521,2.1114722536093,0.44010536596177,-625.248365489237,1256.49673097847,1271.21999681542,0
"S2",1000,22,1,2,0.5,0.684841085829255,2.12596233597019,0.39500433289569,-629.553856080824,1265.10771216165,1279.83097799859,0
"S2",1000,23,1,2,0.5,0.911427645315858,2.04489008342827,0.473321266664582,-642.593802086289,1291.18760417258,1305.91087000953,0
"S2",1000,24,1,2,0.5,0.968880849578868,1.94111936109914,0.475234356354179,-690.644512640227,1387.28902528045,1402.0122911174,0
"S2",1000,25,1,2,0.5,0.955949213737721,1.98930768175882,0.472264824740148,-675.366569125276,1356.73313825055,1371.4564040875,0
"S2",1000,26,1,2,0.5,1.05678220413387,1.92015430808604,0.520157994852113,-670.950422081663,1347.90084416333,1362.62411000027,0
"S2",1000,27,1,2,0.5,0.833500313199254,2.07076471244849,0.434937597766801,-652.03551052047,1310.07102104094,1324.79428687789,0
"S2",1000,28,1,2,0.5,0.810866645315817,2.11622699113723,0.413415803788658,-656.491273494001,1318.982546988,1333.70581282495,0
"S2",1000,29,1,2,0.5,1.05599375181979,2.02350903825503,0.522829476855778,-636.247147627603,1278.49429525521,1293.21756109215,0
"S2",1000,30,1,2,0.5,0.92990756678559,2.08300898028605,0.483297643240093,-628.917591908687,1263.83518381737,1278.55844965432,0
"S3",100,1,1.5,3,0.3,1.81226515159943,2.77547984482923,0.327946206584238,-65.9717008559412,137.943401711882,145.758912269847,0
"S3",100,2,1.5,3,0.3,1.67687956616518,2.96913803278039,0.285364245466468,-63.7662414880458,133.532482976092,141.347993534056,0
"S3",100,3,1.5,3,0.3,9999.93893432583,2.75772383659358,0.565372295356247,-55.8511179773208,117.702235954642,125.517746512606,0
"S3",100,4,1.5,3,0.3,2.62110176870203,3.31553512217025,0.336621636264584,-49.8891993670344,105.778398734069,113.593909292033,0
"S3",100,5,1.5,3,0.3,1.56011360609009,3.30382650034424,0.26680637435437,-54.1707327604282,114.341465520856,122.156976078821,0
"S3",100,6,1.5,3,0.3,0.884415291889749,3.49459873359801,0.208428471334014,-49.6046433522799,105.20928670456,113.024797262524,0
"S3",100,7,1.5,3,0.3,0.895361705155354,3.2219691946018,0.247735478036556,-53.1358966967551,112.27179339351,120.087303951474,0
"S3",100,8,1.5,3,0.3,9999.97843222342,2.81802116684657,0.640819006010494,-50.1879357151937,106.375871430387,114.191381988352,0
"S3",100,9,1.5,3,0.3,1.00124960279639,3.07975950550757,0.219023057774687,-62.8196242887629,131.639248577526,139.45475913549,0
"S3",100,10,1.5,3,0.3,4.70793480529963,3.11343753913987,0.406327786111854,-52.7552866482502,111.5105732965,119.326083854465,0
"S3",100,11,1.5,3,0.3,4.87673515443299,2.83925584041649,0.490322981861676,-55.4090426182295,116.818085236459,124.633595794423,0
"S3",100,12,1.5,3,0.3,0.878297350278463,2.88145401387234,0.243981460822134,-62.934505109621,131.869010219242,139.684520777206,0
"S3",100,13,1.5,3,0.3,4.12113394087679,2.94219192050912,0.409810121562564,-57.11425358318,120.22850716636,128.044017724324,0
"S3",100,14,1.5,3,0.3,2.45798590799895,2.73994594083738,0.450503514342348,-58.4995568592323,122.999113718465,130.814624276429,0
"S3",100,15,1.5,3,0.3,0.567173272135633,3.03702294475827,0.16896619027805,-62.5638039302402,131.12760786048,138.943118418445,0
"S3",100,16,1.5,3,0.3,4.74981703878654,2.79301018418638,0.507207380985459,-55.8173274557862,117.634654911572,125.450165469537,0
"S3",100,17,1.5,3,0.3,0.719739318893795,3.45288031896819,0.201185349464946,-49.8070575861457,105.614115172291,113.429625730256,0
"S3",100,18,1.5,3,0.3,9999.99648896996,2.60717814291638,0.613289036921859,-60.1702099796343,126.340419959269,134.155930517233,0
"S3",100,19,1.5,3,0.3,1.3310459417314,2.84394045822437,0.28770322673076,-65.0758469873949,136.15169397479,143.967204532754,0
"S3",100,20,1.5,3,0.3,0.715330667418073,3.31356621923273,0.168842548889712,-58.4755620907585,122.951124181517,130.766634739481,0
"S3",100,21,1.5,3,0.3,0.811384478829001,2.99170685425563,0.198872142181454,-65.7003460016822,137.400692003364,145.216202561329,0
"S3",100,22,1.5,3,0.3,3.32192421297043,3.12517554735437,0.426119324834997,-48.8833337028147,103.766667405629,111.582177963594,0
"S3",100,23,1.5,3,0.3,1.03769230299521,3.13909298276575,0.27118178990928,-54.0626596082323,114.125319216465,121.940829774429,0
"S3",100,24,1.5,3,0.3,9999.97531881995,2.58313603836483,0.667116639673217,-56.3682211295744,118.736442259149,126.551952817113,0
"S3",100,25,1.5,3,0.3,1.84763324503156,3.25809310668646,0.278133462673363,-56.469845541042,118.939691082084,126.755201640048,0
"S3",100,26,1.5,3,0.3,9999.82479558322,2.54340121788672,0.550381903797562,-65.9337152480718,137.867430496144,145.682941054108,0
"S3",100,27,1.5,3,0.3,0.367031474170306,3.64518038225263,0.101864848840911,-51.3598419723098,108.71968394462,116.535194502584,0
"S3",100,28,1.5,3,0.3,4.34611916761489,2.63454025394805,0.390534596862202,-70.8518310766121,147.703662153224,155.519172711189,0
"S3",100,29,1.5,3,0.3,1.50291250236458,3.01753111606891,0.291671686470618,-60.2405382416837,126.481076483367,134.296587041332,0
"S3",100,30,1.5,3,0.3,0.820321838622485,3.76769745185166,0.162961617844047,-48.946245873059,103.892491746118,111.708002304082,0
"S3",500,1,1.5,3,0.3,0.826954726480968,2.95420190985804,0.223218389466278,-315.793167150219,637.586334300438,650.230158595705,0
"S3",500,2,1.5,3,0.3,1.27902979197976,3.05612875163355,0.259584702164234,-305.177901398676,616.355802797351,628.999627092618,0
"S3",500,3,1.5,3,0.3,0.937829864409598,3.14550139310921,0.235768698748785,-286.043467588124,578.086935176247,590.730759471514,0
"S3",500,4,1.5,3,0.3,1.4581929157867,2.99457194337369,0.286874358309674,-303.022131207648,612.044262415296,624.688086710563,0
"S3",500,5,1.5,3,0.3,1.42372481038876,3.03586941018492,0.293835541144678,-293.592606541219,593.185213082439,605.829037377705,0
"S3",500,6,1.5,3,0.3,0.841995269411559,3.27140285864423,0.204239158007332,-280.707249237133,567.414498474265,580.058322769532,0
"S3",500,7,1.5,3,0.3,1.02587306654494,3.0197944034571,0.256348912552021,-297.767161696273,601.534323392547,614.178147687813,0
"S3",500,8,1.5,3,0.3,1.70854172138283,2.97864991043204,0.317718444029754,-298.32867136635,602.6573427327,615.301167027967,0
"S3",500,9,1.5,3,0.3,2.01215766581199,3.07959371461192,0.299782168490246,-297.761668594724,601.523337189447,614.167161484714,0
"S3",500,10,1.5,3,0.3,2.48559659901197,2.91944720430557,0.365836349868806,-299.683311724642,605.366623449285,618.010447744551,0
"S3",500,11,1.5,3,0.3,1.75133877494498,3.04689914965737,0.308516214501189,-294.079060855989,594.158121711979,606.801946007246,0
"S3",500,12,1.5,3,0.3,1.39587443679229,3.04125093129721,0.285364636300279,-295.150121818065,596.30024363613,608.944067931396,0
"S3",500,13,1.5,3,0.3,2.51782131364684,2.81276651570423,0.384052397561247,-308.87567676591,623.75135353182,636.395177827087,0
"S3",500,14,1.5,3,0.3,2.80533287661569,2.9058234881543,0.401861374036981,-288.900504118431,583.801008236862,596.444832532128,0
"S3",500,15,1.5,3,0.3,2.05194873620415,2.83755469911164,0.359606685444054,-309.54158643667,625.08317287334,637.726997168606,0
"S3",500,16,1.5,3,0.3,1.20626978098765,3.03611363214584,0.265402274841491,-301.248436431409,608.496872862817,621.140697158084,0
"S3",500,17,1.5,3,0.3,0.602242174444923,3.05357259683402,0.179876279558543,-306.615107745636,619.230215491272,631.874039786539,0
"S3",500,18,1.5,3,0.3,2.35557031614526,2.71621390474736,0.396429299353665,-318.679036833325,643.35807366665,656.001897961917,0
"S3",500,19,1.5,3,0.3,1.34707293040558,3.16859356300569,0.290973587597842,-269.761361327379,545.522722654759,558.166546950025,0
"S3",500,20,1.5,3,0.3,1.45932325170149,3.18558563346205,0.290298992276269,-273.396927623547,552.793855247094,565.437679542361,0
"S3",500,21,1.5,3,0.3,1.82207636875925,3.02020165793012,0.319954835531697,-293.323934849369,592.647869698739,605.291693994005,0
"S3",500,22,1.5,3,0.3,9999.89480460481,2.40238887338063,0.597574155310537,-337.109315103618,680.218630207236,692.862454502502,0
"S3",500,23,1.5,3,0.3,1.90101799073871,2.95130300833936,0.326841970593428,-303.724155517561,613.448311035121,626.092135330388,0
"S3",500,24,1.5,3,0.3,0.726819436328244,2.99249804380328,0.201985540747955,-313.517549848723,633.035099697446,645.678923992713,0
"S3",500,25,1.5,3,0.3,3.10103718522765,2.90424344650068,0.391562188295556,-295.475097896128,596.950195792257,609.594020087524,0
"S3",500,26,1.5,3,0.3,1.08352442090985,2.93220921634569,0.258881383912168,-314.253528435456,634.507056870911,647.150881166178,0
"S3",500,27,1.5,3,0.3,2.50276100973608,3.0376413422326,0.330691102224559,-297.470672424102,600.941344848204,613.58516914347,0
"S3",500,28,1.5,3,0.3,2.21511998964801,2.98319682113358,0.362532449980234,-285.457370370838,576.914740741675,589.558565036942,0
"S3",500,29,1.5,3,0.3,4.44191839947785,2.80157485670919,0.423828712384755,-306.737952471252,619.475904942503,632.11972923777,0
"S3",500,30,1.5,3,0.3,0.953554042164039,3.20087834372623,0.210153368125545,-296.975495152778,599.950990305557,612.594814600823,0
"S3",1000,1,1.5,3,0.3,0.721538478690636,3.07274320148494,0.209946359369419,-592.926833785586,1191.85366757117,1206.57693340812,0
"S3",1000,2,1.5,3,0.3,2.07155938076557,2.86717197721113,0.340536790688115,-628.118203323398,1262.2364066468,1276.95967248374,0
"S3",1000,3,1.5,3,0.3,1.96268569197088,2.90930873877516,0.333588917368024,-615.181868418952,1236.3637368379,1251.08700267485,0
"S3",1000,4,1.5,3,0.3,1.94690100316043,2.82804190056849,0.340166043124151,-636.184403139268,1278.36880627854,1293.09207211548,0
"S3",1000,5,1.5,3,0.3,1.36383022695944,3.0187865868174,0.293777902082213,-584.332467250082,1174.66493450016,1189.38820033711,0
"S3",1000,6,1.5,3,0.3,2.61124370967655,2.84816968855961,0.375746806754993,-616.19612129322,1238.39224258644,1253.11550842339,0
"S3",1000,7,1.5,3,0.3,2.98991757325412,2.82959086456924,0.394115678527618,-613.28897959718,1232.57795919436,1247.30122503131,0
"S3",1000,8,1.5,3,0.3,1.60942165575363,3.00884627870704,0.345918737893491,-553.638873637457,1113.27774727491,1128.00101311186,0
"S3",1000,9,1.5,3,0.3,1.38210464926889,2.95264488783029,0.294658501658589,-606.603924511355,1219.20784902271,1233.93111485966,0
"S3",1000,10,1.5,3,0.3,1.01641186935987,3.15245431968371,0.234222115214899,-582.974085339182,1171.94817067836,1186.67143651531,0
"S3",1000,11,1.5,3,0.3,1.28791278090759,3.08639824817175,0.267195437002843,-587.049738994726,1180.09947798945,1194.8227438264,0
"S3",1000,12,1.5,3,0.3,1.98387848094018,2.91911038349441,0.343809813068173,-605.784456736429,1217.56891347286,1232.2921793098,0
"S3",1000,13,1.5,3,0.3,3.12554781242596,2.84607358096907,0.417728665812238,-589.702393290321,1185.40478658064,1200.12805241759,0
"S3",1000,14,1.5,3,0.3,3.97159323815262,2.71845046823802,0.440593974738588,-626.688677035178,1259.37735407036,1274.1006199073,0
"S3",1000,15,1.5,3,0.3,2.80679601949563,2.9397179544874,0.387394948141663,-577.567170261154,1161.13434052231,1175.85760635926,0
"S3",1000,16,1.5,3,0.3,2.17749651760647,2.81507347172089,0.37659749101999,-615.66856557137,1237.33713114274,1252.06039697969,0
"S3",1000,17,1.5,3,0.3,1.42214967394427,3.08658287589135,0.276054489243579,-587.784978010711,1181.56995602142,1196.29322185837,0
"S3",1000,18,1.5,3,0.3,1.26940131428728,3.10318139954691,0.278193687768985,-569.977523444935,1145.95504688987,1160.67831272682,0
"S3",1000,19,1.5,3,0.3,1.31464811740713,3.15286654425746,0.268902136943808,-568.547512758267,1143.09502551653,1157.81829135348,0
"S3",1000,20,1.5,3,0.3,1.74549505000462,2.98855401212194,0.331058593569274,-582.920112379872,1171.84022475974,1186.56349059669,0
"S3",1000,21,1.5,3,0.3,2.83675034940285,2.9572323537326,0.36940652873701,-590.346839659568,1186.69367931914,1201.41694515608,0
"S3",1000,22,1.5,3,0.3,3.13340706919649,2.89699434104203,0.401811746574953,-582.550152507557,1171.10030501511,1185.82357085206,0
"S3",1000,23,1.5,3,0.3,1.04046194178294,3.02735577670641,0.239526154955646,-618.147677167309,1242.29535433462,1257.01862017156,0
"S3",1000,24,1.5,3,0.3,1.24831391599102,3.12726097097936,0.248593548890768,-595.711618902368,1197.42323780474,1212.14650364168,0
"S3",1000,25,1.5,3,0.3,2.12699085083636,2.79754981763834,0.374259968446693,-619.578059146567,1245.15611829313,1259.87938413008,0
"S3",1000,26,1.5,3,0.3,2.27100055385649,2.98989410593461,0.356372908957151,-577.315029657181,1160.63005931436,1175.35332515131,0
"S3",1000,27,1.5,3,0.3,2.01767612766177,2.97687268049239,0.346071667361401,-582.30122770591,1170.60245541182,1185.32572124877,0
"S3",1000,28,1.5,3,0.3,3.29994565984221,2.8375222566017,0.404564473966239,-606.849792119304,1219.69958423861,1234.42285007555,0
"S3",1000,29,1.5,3,0.3,3.15063057384742,2.85368262510658,0.398655094478553,-606.595757582474,1219.19151516495,1233.91478100189,0
"S3",1000,30,1.5,3,0.3,1.07139984966826,2.96817453769049,0.262612087560726,-611.190546903348,1228.3810938067,1243.10435964364,0
