"scenario","n","parameter","true_value","median_estimate","abs_bias_median","mse","convergence_rate"
"S1",100,"alpha",0.5,0.6266,0.1266,19.01,1
"S1",100,"beta",1,0.9757,0.0243,0.005758,1
"S1",100,"lambda",0.8,0.931,0.131,0.3446,1
"S2",100,"alpha",1,1.4039,0.4039,13330000,1
"S2",100,"beta",2,1.9622,0.0378,0.04754,1
"S2",100,"lambda",0.5,0.6137,0.1137,0.08329,1
"S3",100,"alpha",1.5,1.7446,0.2446,16660000,1
"S3",100,"beta",3,3.0046,0.0046,0.09696,1
"S3",100,"lambda",0.3,0.2897,0.0103,0.02566,1
"S1",500,"alpha",0.5,0.5658,0.0658,0.1361,1
"S1",500,"beta",1,1.0093,0.0093,0.001416,1
"S1",500,"lambda",0.8,0.9099,0.1099,0.1111,1
"S2",500,"alpha",1,0.9977,0.0023,0.6129,1
"S2",500,"beta",2,2.0014,0.0014,0.009868,1
"S2",500,"lambda",0.5,0.4868,0.0132,0.01933,1
"S3",500,"alpha",1.5,1.5839,0.0839,3332000,1
"S3",500,"beta",3,3.0072,0.0072,0.0264,1
"S3",500,"lambda",0.3,0.2968,0.0032,0.007053,1
"S1",1000,"alpha",0.5,0.4915,0.0085,0.05311,1
"S1",1000,"beta",1,0.9971,0.0029,0.0008358,1
"S1",1000,"lambda",0.8,0.8192,0.0192,0.05144,1
"S2",1000,"alpha",1,0.9347,0.0653,0.1825,1
"S2",1000,"beta",2,2.0223,0.0223,0.005666,1
"S2",1000,"lambda",0.5,0.4743,0.0257,0.009201,1
"S3",1000,"alpha",1.5,1.9733,0.4733,0.9521,1
"S3",1000,"beta",3,2.9549,0.0451,0.01517,1
"S3",1000,"lambda",0.3,0.3422,0.0422,0.004702,1
